Split,"Best Params (alpha,rho,epochs)",Train Accuracy,Test Accuracy
"(0.5, 0.1, 0.4)","(0.1, 1e-06, 1000)",0.703125,0.6753246753246753
"(0.6, 0.1, 0.3)","(0.1, 1e-06, 1000)",0.7282608695652174,0.7327586206896551
"(0.7, 0.1, 0.2)","(0.1, 1e-06, 1000)",0.7225325884543762,0.6709677419354839
"(0.8, 0.1, 0.1)","(0.1, 1e-06, 1000)",0.7117263843648208,0.7435897435897436
