Split,"Best Params (alpha,rho,epochs)",Train Accuracy,Test Accuracy
"(0.5, 0.1, 0.4)","(0.01, 1e-06, 1000)",0.7578125,0.762987012987013
"(0.6, 0.1, 0.3)","(0.1, 1e-05, 1000)",0.7913043478260869,0.7672413793103449
"(0.7, 0.1, 0.2)","(0.01, 1e-06, 1000)",0.7746741154562383,0.7741935483870968
"(0.8, 0.1, 0.1)","(0.01, 1e-05, 1000)",0.7638436482084691,0.7692307692307693
