Init_Run,Epochs,Precision,Recall,Accuracy
1,50,0.5102040816326531,0.8333333333333334,0.5166666666666667
1,100,0.5,1.0,0.5
1,150,0.5,1.0,0.5
2,50,0.5,1.0,0.5
2,100,0.5,1.0,0.5
2,150,0.5,1.0,0.5
3,50,0.5,1.0,0.5
3,100,0.5,1.0,0.5
3,150,0.5,1.0,0.5
