Set,Precision,Recall,Accuracy
Train,0.9025762670855689,0.8745711702063017,0.8766666666666666
Test,0.8915898915898917,0.8583549783549783,0.8533333333333333
