Init_Run,Epochs,Precision,Recall,Accuracy
1,50,1.0,0.9393939393939394,0.9672131147540983
1,100,1.0,0.9393939393939394,0.9672131147540983
1,150,1.0,0.9393939393939394,0.9672131147540983
2,50,1.0,0.9393939393939394,0.9672131147540983
2,100,1.0,0.9393939393939394,0.9672131147540983
2,150,1.0,0.9393939393939394,0.9672131147540983
3,50,1.0,0.9393939393939394,0.9672131147540983
3,100,1.0,0.9393939393939394,0.9672131147540983
3,150,1.0,0.9393939393939394,0.9672131147540983
