avg bmi,avg glucose,avg bp
31.992578124999998,120.89453125,69.10546875
