Split,"Best Params (alpha,rho)",Train RSS,Test RSS
"(0.6, 0.2, 0.2)","(0.1, 0.001)",140.0921515221472,129.85365767772316
"(0.7, 0.1, 0.2)","(0.1, 0.01)",144.28015894312844,137.76147296751193
"(0.8, 0.1, 0.1)","(0.1, 0.001)",132.95835638375593,171.75042622732806
