Split,"Best Params (alpha,rho)",Train RSS,Test RSS
"(0.6, 0.2, 0.2)","(0.1, 0.01)",119.39546104361807,136.97637486952658
"(0.7, 0.1, 0.2)","(0.1, 0.001)",104.01097349696646,128.59072683721416
"(0.8, 0.1, 0.1)","(0.1, 0.001)",104.11973741441436,110.95371372742308
