Split,"Best Params (alpha,rho)",Train RSS,Test RSS
"(0.6, 0.2, 0.2)","(0.1, 0.001)",127.05776822506887,201.5996473361782
"(0.7, 0.1, 0.2)","(0.1, 0.001)",140.17472870466557,134.7033808636016
"(0.8, 0.1, 0.1)","(0.1, 0.001)",130.00957899415684,144.53500698668225
