Split,"Best Params (alpha,rho)",Train RSS,Test RSS
"(0.6, 0.2, 0.2)","(0.1, 0.001)",129.5455438244283,143.48066336298353
"(0.7, 0.1, 0.2)","(0.1, 0.001)",140.00161072145323,112.70116405805746
"(0.8, 0.1, 0.1)","(0.1, 0.001)",129.57773750166987,159.7833167667216
