Split,"Best Params (alpha,rho)",Train RSS,Test RSS
"(0.6, 0.2, 0.2)","(0.1, 0.001)",139.0021118809278,164.0998190563769
"(0.7, 0.1, 0.2)","(0.1, 0.01)",137.87861440918584,166.3175817893911
"(0.8, 0.1, 0.1)","(0.1, 0.001)",129.598213251961,164.84801529566744
