Split,"Best Params (alpha,rho)",Train RSS,Test RSS
"(0.6, 0.2, 0.2)","(0.1, 0.001)",78.66552047443693,70.86146688751631
"(0.7, 0.1, 0.2)","(0.1, 0.001)",67.38197690186804,66.07384139544737
"(0.8, 0.1, 0.1)","(0.1, 0.001)",68.00259402241095,65.95100376949125
