Split,"Best Params (alpha,rho)",Train RSS,Test RSS
"(0.6, 0.2, 0.2)","(0.1, 0.001)",71.55678845388073,96.50651628828409
"(0.7, 0.1, 0.2)","(0.1, 0.001)",63.794561165957504,83.80255583208444
"(0.8, 0.1, 0.1)","(0.1, 0.001)",64.59823106536057,57.38632537425241
